{"count":1,"self":16595.2126976,"total":36954.3101935,"children":{"InitializeActuators":{"count":2,"self":0.0010203999999999999,"total":0.0010203999999999999,"children":null},"InitializeSensors":{"count":2,"self":0.0039908,"total":0.0039908,"children":null},"AgentSendState":{"count":4000006,"self":26.388054399999998,"total":873.6731727,"children":{"CollectObservations":{"count":2000002,"self":2.961691,"total":2.961691,"children":null},"WriteActionMask":{"count":2000002,"self":3.2950106,"total":3.2950106,"children":null},"RequestDecision":{"count":2000002,"self":12.5999336,"total":841.0284174,"children":{"AgentInfo.ToProto":{"count":2000002,"self":11.842836799999999,"total":828.4284839,"children":{"GenerateSensorData":{"count":2000002,"self":43.1796416,"total":816.58564749999994,"children":{"CameraSensor.GetCompressedObservation":{"count":1000001,"self":773.4060032,"total":773.4060063,"children":null}}}}}}}}},"DecideAction":{"count":4000006,"self":18029.1239936,"total":18029.124537199998,"children":null},"AgentAct":{"count":4000006,"self":171.411776,"total":1456.29325,"children":{"AgentInfo.ToProto":{"count":2000002,"self":8.003316,"total":1284.8814711999999,"children":{"GenerateSensorData":{"count":2000002,"self":35.14224,"total":1276.8781552,"children":{"CameraSensor.GetCompressedObservation":{"count":1000001,"self":1241.7358848,"total":1241.7359167,"children":null}}}}}}}},"gauges":{"Scribe.CumulativeReward":{"count":1000001,"max":2,"min":-1,"runningAverage":1.11348963,"value":2,"weightedAverage":1.32805121},"Reader.CumulativeReward":{"count":1000001,"max":1,"min":-1,"runningAverage":0.4086606,"value":1,"weightedAverage":0.55203414}},"metadata":{"timer_format_version":"0.1.0","start_time_seconds":"1639640398","unity_version":"2020.3.13f1","command_line_arguments":"G:\\UnityHub\\2020.3.13f1\\Editor\\Unity.exe -projectpath G:\/UnityHub\/Projects\/CogSciProject -useHub -hubIPC -cloudEnvironment production -hubSessionId fafa7da0-5c97-11ec-ad5c-c9a21b5e147d -accessToken u8pXa3PgQLylbYJISEH1mNl16uPfeHGAKHJdlDQmEwQ002f","communication_protocol_version":"1.5.0","com.unity.ml-agents_version":"2.0.1","scene_name":"SampleScene","end_time_seconds":"1639677352"}}